START_RUN,1791192719,735,100,mixed
CREATE,1,736,18,735
CREATE,2,737,10,735
CREATE,3,738,24,735
CREATE,4,739,18,735
CREATE,5,740,9,735
CREATE,6,741,27,735
CREATE,7,742,29,735
CREATE,8,743,23,735
CREATE,9,744,12,735
CREATE,10,745,19,735
CREATE,11,746,1,735
CREATE,12,747,30,735
CREATE,13,748,10,735
CREATE,14,749,23,735
CREATE,15,750,14,735
CREATE,16,751,8,735
CREATE,17,752,25,735
CREATE,18,753,2,735
CREATE,19,754,27,735
CREATE,20,755,5,735
CREATE,21,756,15,735
CREATE,22,757,1,735
CREATE,23,758,19,735
CREATE,24,759,20,735
CREATE,25,760,15,735
CREATE,26,761,28,735
CREATE,27,762,28,735
CREATE,28,763,16,735
CREATE,29,764,28,735
CREATE,30,765,1,735
CREATE,31,766,19,735
CREATE,32,767,7,735
CREATE,33,768,2,735
CREATE,34,769,5,735
CREATE,35,770,17,735
CREATE,36,771,10,735
CREATE,37,772,23,735
CREATE,38,773,7,735
CREATE,39,774,2,735
CREATE,40,775,5,735
CREATE,41,776,25,735
CREATE,42,777,2,735
CREATE,43,778,4,735
CREATE,44,779,4,735
CREATE,45,780,16,735
CREATE,46,781,18,735
CREATE,47,782,12,735
CREATE,48,783,11,735
CREATE,49,784,11,735
CREATE,50,785,8,735
CREATE,51,786,7,735
CREATE,52,787,25,735
CREATE,53,788,30,735
CREATE,54,789,17,735
CREATE,55,790,6,735
CREATE,56,791,14,735
CREATE,57,792,14,735
CREATE,58,793,4,735
CREATE,59,794,21,735
CREATE,60,795,3,735
CREATE,61,796,26,735
CREATE,62,797,10,735
CREATE,63,798,2,735
CREATE,64,799,27,735
CREATE,65,800,14,735
CREATE,66,801,18,735
CREATE,67,802,29,735
CREATE,68,803,6,735
CREATE,69,804,24,735
CREATE,70,805,30,735
CREATE,71,806,2,735
CREATE,72,807,18,735
CREATE,73,808,24,735
CREATE,74,809,6,735
CREATE,75,810,14,735
CREATE,76,811,9,735
CREATE,77,812,15,735
CREATE,78,813,25,735
CREATE,79,814,11,735
CREATE,80,815,25,735
CREATE,81,816,24,735
CREATE,82,817,9,735
CREATE,83,818,11,735
CREATE,84,819,23,735
CREATE,85,820,26,735
CREATE,86,821,16,735
CREATE,87,822,28,735
CREATE,88,823,1,735
CREATE,89,824,19,735
CREATE,90,825,11,735
CREATE,91,826,4,735
CREATE,92,827,6,735
CREATE,93,828,20,735
CREATE,94,829,5,735
CREATE,95,830,25,735
CREATE,96,831,25,735
CREATE,97,832,14,735
CREATE,98,833,15,735
CREATE,99,834,22,735
CREATE,100,835,29,735
COMPLETE,11,746,1,Process 11 terminated normally (exit code 0),NORMAL,0,NONE
REAPED,11,746,,Parent reaped PID 746 via waitpid()
COMPLETE,22,757,1,Process 22 terminated normally (exit code 0),NORMAL,0,NONE
REAPED,22,757,,Parent reaped PID 757 via waitpid()
COMPLETE,30,765,1,Process 30 terminated normally (exit code 0),NORMAL,0,NONE
REAPED,30,765,,Parent reaped PID 765 via waitpid()
COMPLETE,88,823,1,Process 88 terminated normally (exit code 0),NORMAL,0,NONE
REAPED,88,823,,Parent reaped PID 823 via waitpid()
COMPLETE,18,753,2,Process 18 terminated normally (exit code 0),NORMAL,0,NONE
REAPED,18,753,,Parent reaped PID 753 via waitpid()
COMPLETE,33,768,2,Process 33 terminated normally (exit code 0),NORMAL,0,NONE
REAPED,33,768,,Parent reaped PID 768 via waitpid()
COMPLETE,39,774,2,Process 39 terminated normally (exit code 0),NORMAL,0,NONE
REAPED,39,774,,Parent reaped PID 774 via waitpid()
COMPLETE,42,777,2,Process 42 terminated normally (exit code 0),NORMAL,0,NONE
REAPED,42,777,,Parent reaped PID 777 via waitpid()
COMPLETE,63,798,2,Process 63 terminated normally (exit code 0),NORMAL,0,NONE
REAPED,63,798,,Parent reaped PID 798 via waitpid()
COMPLETE,71,806,2,Process 71 terminated normally (exit code 0),NORMAL,0,NONE
REAPED,71,806,,Parent reaped PID 806 via waitpid()
COMPLETE,60,795,3,Process 60 terminated normally (exit code 0),NORMAL,0,NONE
REAPED,60,795,,Parent reaped PID 795 via waitpid()
COMPLETE,43,778,4,Process 43 terminated normally (exit code 0),NORMAL,0,NONE
REAPED,43,778,,Parent reaped PID 778 via waitpid()
COMPLETE,44,779,4,Process 44 terminated normally (exit code 0),NORMAL,0,NONE
REAPED,44,779,,Parent reaped PID 779 via waitpid()
COMPLETE,58,793,4,Process 58 terminated normally (exit code 0),NORMAL,0,NONE
REAPED,58,793,,Parent reaped PID 793 via waitpid()
COMPLETE,91,826,4,Process 91 terminated normally (exit code 0),NORMAL,0,NONE
REAPED,91,826,,Parent reaped PID 826 via waitpid()
COMPLETE,20,755,5,Process 20 terminated normally (exit code 0),NORMAL,0,NONE
REAPED,20,755,,Parent reaped PID 755 via waitpid()
COMPLETE,34,769,5,Process 34 terminated normally (exit code 0),NORMAL,0,NONE
REAPED,34,769,,Parent reaped PID 769 via waitpid()
COMPLETE,40,775,5,Process 40 terminated normally (exit code 0),NORMAL,0,NONE
REAPED,40,775,,Parent reaped PID 775 via waitpid()
COMPLETE,94,829,5,Process 94 terminated normally (exit code 0),NORMAL,0,NONE
REAPED,94,829,,Parent reaped PID 829 via waitpid()
COMPLETE,55,790,6,Process 55 terminated normally (exit code 0),NORMAL,0,NONE
REAPED,55,790,,Parent reaped PID 790 via waitpid()
COMPLETE,68,803,6,Process 68 terminated normally (exit code 0),NORMAL,0,NONE
REAPED,68,803,,Parent reaped PID 803 via waitpid()
COMPLETE,74,809,6,Process 74 terminated normally (exit code 0),NORMAL,0,NONE
REAPED,74,809,,Parent reaped PID 809 via waitpid()
COMPLETE,92,827,6,Process 92 terminated normally (exit code 0),NORMAL,0,NONE
REAPED,92,827,,Parent reaped PID 827 via waitpid()
COMPLETE,32,767,7,Process 32 terminated normally (exit code 0),NORMAL,0,NONE
REAPED,32,767,,Parent reaped PID 767 via waitpid()
COMPLETE,38,773,7,Process 38 terminated normally (exit code 0),NORMAL,0,NONE
REAPED,38,773,,Parent reaped PID 773 via waitpid()
COMPLETE,51,786,7,Process 51 terminated normally (exit code 0),NORMAL,0,NONE
REAPED,51,786,,Parent reaped PID 786 via waitpid()
COMPLETE,16,751,8,Process 16 terminated normally (exit code 0),NORMAL,0,NONE
REAPED,16,751,,Parent reaped PID 751 via waitpid()
COMPLETE,50,785,8,Process 50 terminated normally (exit code 0),NORMAL,0,NONE
REAPED,50,785,,Parent reaped PID 785 via waitpid()
COMPLETE,5,740,9,Process 5 terminated normally (exit code 0),NORMAL,0,NONE
REAPED,5,740,,Parent reaped PID 740 via waitpid()
COMPLETE,76,811,9,Process 76 terminated normally (exit code 0),NORMAL,0,NONE
REAPED,76,811,,Parent reaped PID 811 via waitpid()
COMPLETE,82,817,9,Process 82 terminated normally (exit code 0),NORMAL,0,NONE
REAPED,82,817,,Parent reaped PID 817 via waitpid()
COMPLETE,2,737,10,Process 2 terminated normally (exit code 0),NORMAL,0,NONE
REAPED,2,737,,Parent reaped PID 737 via waitpid()
COMPLETE,13,748,10,Process 13 terminated normally (exit code 0),NORMAL,0,NONE
REAPED,13,748,,Parent reaped PID 748 via waitpid()
COMPLETE,36,771,10,Process 36 terminated normally (exit code 0),NORMAL,0,NONE
REAPED,36,771,,Parent reaped PID 771 via waitpid()
COMPLETE,62,797,10,Process 62 terminated normally (exit code 0),NORMAL,0,NONE
REAPED,62,797,,Parent reaped PID 797 via waitpid()
COMPLETE,48,783,11,Process 48 terminated normally (exit code 0),NORMAL,0,NONE
REAPED,48,783,,Parent reaped PID 783 via waitpid()
COMPLETE,49,784,11,Process 49 terminated normally (exit code 0),NORMAL,0,NONE
REAPED,49,784,,Parent reaped PID 784 via waitpid()
COMPLETE,79,814,11,Process 79 terminated normally (exit code 0),NORMAL,0,NONE
REAPED,79,814,,Parent reaped PID 814 via waitpid()
COMPLETE,83,818,11,Process 83 terminated normally (exit code 0),NORMAL,0,NONE
REAPED,83,818,,Parent reaped PID 818 via waitpid()
COMPLETE,90,825,11,Process 90 terminated normally (exit code 0),NORMAL,0,NONE
REAPED,90,825,,Parent reaped PID 825 via waitpid()
COMPLETE,9,744,12,Process 9 terminated normally (exit code 0),NORMAL,0,NONE
REAPED,9,744,,Parent reaped PID 744 via waitpid()
COMPLETE,47,782,12,Process 47 terminated normally (exit code 0),NORMAL,0,NONE
REAPED,47,782,,Parent reaped PID 782 via waitpid()
COMPLETE,15,750,14,Process 15 terminated normally (exit code 0),NORMAL,0,NONE
REAPED,15,750,,Parent reaped PID 750 via waitpid()
COMPLETE,56,791,14,Process 56 terminated normally (exit code 0),NORMAL,0,NONE
REAPED,56,791,,Parent reaped PID 791 via waitpid()
COMPLETE,57,792,14,Process 57 terminated normally (exit code 0),NORMAL,0,NONE
REAPED,57,792,,Parent reaped PID 792 via waitpid()
COMPLETE,65,800,14,Process 65 terminated normally (exit code 0),NORMAL,0,NONE
REAPED,65,800,,Parent reaped PID 800 via waitpid()
COMPLETE,75,810,14,Process 75 terminated normally (exit code 0),NORMAL,0,NONE
REAPED,75,810,,Parent reaped PID 810 via waitpid()
COMPLETE,97,832,14,Process 97 terminated normally (exit code 0),NORMAL,0,NONE
REAPED,97,832,,Parent reaped PID 832 via waitpid()
COMPLETE,21,756,15,Process 21 terminated normally (exit code 0),NORMAL,0,NONE
REAPED,21,756,,Parent reaped PID 756 via waitpid()
COMPLETE,25,760,15,Process 25 terminated normally (exit code 0),NORMAL,0,NONE
REAPED,25,760,,Parent reaped PID 760 via waitpid()
COMPLETE,77,812,15,Process 77 terminated normally (exit code 0),NORMAL,0,NONE
REAPED,77,812,,Parent reaped PID 812 via waitpid()
COMPLETE,98,833,15,Process 98 terminated normally (exit code 0),NORMAL,0,NONE
REAPED,98,833,,Parent reaped PID 833 via waitpid()
COMPLETE,28,763,16,Process 28 terminated normally (exit code 0),NORMAL,0,NONE
REAPED,28,763,,Parent reaped PID 763 via waitpid()
COMPLETE,45,780,16,Process 45 terminated normally (exit code 0),NORMAL,0,NONE
REAPED,45,780,,Parent reaped PID 780 via waitpid()
COMPLETE,86,821,16,Process 86 terminated normally (exit code 0),NORMAL,0,NONE
REAPED,86,821,,Parent reaped PID 821 via waitpid()
COMPLETE,35,770,17,Process 35 terminated normally (exit code 0),NORMAL,0,NONE
REAPED,35,770,,Parent reaped PID 770 via waitpid()
COMPLETE,54,789,17,Process 54 terminated normally (exit code 0),NORMAL,0,NONE
REAPED,54,789,,Parent reaped PID 789 via waitpid()
COMPLETE,1,736,18,Process 1 terminated normally (exit code 0),NORMAL,0,NONE
REAPED,1,736,,Parent reaped PID 736 via waitpid()
COMPLETE,4,739,18,Process 4 terminated normally (exit code 0),NORMAL,0,NONE
REAPED,4,739,,Parent reaped PID 739 via waitpid()
COMPLETE,46,781,18,Process 46 terminated normally (exit code 0),NORMAL,0,NONE
REAPED,46,781,,Parent reaped PID 781 via waitpid()
COMPLETE,66,801,18,Process 66 terminated normally (exit code 0),NORMAL,0,NONE
REAPED,66,801,,Parent reaped PID 801 via waitpid()
COMPLETE,72,807,18,Process 72 terminated normally (exit code 0),NORMAL,0,NONE
REAPED,72,807,,Parent reaped PID 807 via waitpid()
COMPLETE,10,745,19,Process 10 terminated normally (exit code 0),NORMAL,0,NONE
REAPED,10,745,,Parent reaped PID 745 via waitpid()
COMPLETE,23,758,19,Process 23 terminated normally (exit code 0),NORMAL,0,NONE
REAPED,23,758,,Parent reaped PID 758 via waitpid()
COMPLETE,31,766,19,Process 31 terminated normally (exit code 0),NORMAL,0,NONE
REAPED,31,766,,Parent reaped PID 766 via waitpid()
COMPLETE,89,824,19,Process 89 terminated normally (exit code 0),NORMAL,0,NONE
REAPED,89,824,,Parent reaped PID 824 via waitpid()
COMPLETE,24,759,20,Process 24 terminated normally (exit code 0),NORMAL,0,NONE
REAPED,24,759,,Parent reaped PID 759 via waitpid()
COMPLETE,93,828,20,Process 93 terminated normally (exit code 0),NORMAL,0,NONE
REAPED,93,828,,Parent reaped PID 828 via waitpid()
COMPLETE,59,794,21,Process 59 terminated normally (exit code 0),NORMAL,0,NONE
REAPED,59,794,,Parent reaped PID 794 via waitpid()
COMPLETE,99,834,22,Process 99 terminated normally (exit code 0),NORMAL,0,NONE
REAPED,99,834,,Parent reaped PID 834 via waitpid()
COMPLETE,8,743,23,Process 8 terminated normally (exit code 0),NORMAL,0,NONE
REAPED,8,743,,Parent reaped PID 743 via waitpid()
COMPLETE,14,749,23,Process 14 terminated normally (exit code 0),NORMAL,0,NONE
REAPED,14,749,,Parent reaped PID 749 via waitpid()
COMPLETE,37,772,23,Process 37 terminated normally (exit code 0),NORMAL,0,NONE
REAPED,37,772,,Parent reaped PID 772 via waitpid()
COMPLETE,84,819,23,Process 84 terminated normally (exit code 0),NORMAL,0,NONE
REAPED,84,819,,Parent reaped PID 819 via waitpid()
COMPLETE,3,738,24,Process 3 terminated normally (exit code 0),NORMAL,0,NONE
REAPED,3,738,,Parent reaped PID 738 via waitpid()
COMPLETE,69,804,24,Process 69 terminated normally (exit code 0),NORMAL,0,NONE
REAPED,69,804,,Parent reaped PID 804 via waitpid()
COMPLETE,73,808,24,Process 73 terminated normally (exit code 0),NORMAL,0,NONE
REAPED,73,808,,Parent reaped PID 808 via waitpid()
COMPLETE,81,816,24,Process 81 terminated normally (exit code 0),NORMAL,0,NONE
REAPED,81,816,,Parent reaped PID 816 via waitpid()
COMPLETE,17,752,25,Process 17 terminated normally (exit code 0),NORMAL,0,NONE
REAPED,17,752,,Parent reaped PID 752 via waitpid()
COMPLETE,41,776,25,Process 41 terminated normally (exit code 0),NORMAL,0,NONE
REAPED,41,776,,Parent reaped PID 776 via waitpid()
COMPLETE,52,787,25,Process 52 terminated normally (exit code 0),NORMAL,0,NONE
REAPED,52,787,,Parent reaped PID 787 via waitpid()
COMPLETE,78,813,25,Process 78 terminated normally (exit code 0),NORMAL,0,NONE
REAPED,78,813,,Parent reaped PID 813 via waitpid()
COMPLETE,80,815,25,Process 80 terminated normally (exit code 0),NORMAL,0,NONE
REAPED,80,815,,Parent reaped PID 815 via waitpid()
COMPLETE,95,830,25,Process 95 terminated normally (exit code 0),NORMAL,0,NONE
REAPED,95,830,,Parent reaped PID 830 via waitpid()
COMPLETE,96,831,25,Process 96 terminated normally (exit code 0),NORMAL,0,NONE
REAPED,96,831,,Parent reaped PID 831 via waitpid()
COMPLETE,61,796,26,Process 61 terminated normally (exit code 0),NORMAL,0,NONE
REAPED,61,796,,Parent reaped PID 796 via waitpid()
COMPLETE,85,820,26,Process 85 terminated normally (exit code 0),NORMAL,0,NONE
REAPED,85,820,,Parent reaped PID 820 via waitpid()
COMPLETE,6,741,27,Process 6 terminated normally (exit code 0),NORMAL,0,NONE
REAPED,6,741,,Parent reaped PID 741 via waitpid()
COMPLETE,19,754,27,Process 19 terminated normally (exit code 0),NORMAL,0,NONE
REAPED,19,754,,Parent reaped PID 754 via waitpid()
COMPLETE,64,799,27,Process 64 terminated normally (exit code 0),NORMAL,0,NONE
REAPED,64,799,,Parent reaped PID 799 via waitpid()
COMPLETE,26,761,28,Process 26 terminated normally (exit code 0),NORMAL,0,NONE
REAPED,26,761,,Parent reaped PID 761 via waitpid()
COMPLETE,27,762,28,Process 27 terminated normally (exit code 0),NORMAL,0,NONE
REAPED,27,762,,Parent reaped PID 762 via waitpid()
COMPLETE,29,764,28,Process 29 terminated normally (exit code 0),NORMAL,0,NONE
REAPED,29,764,,Parent reaped PID 764 via waitpid()
COMPLETE,87,822,28,Process 87 terminated normally (exit code 0),NORMAL,0,NONE
REAPED,87,822,,Parent reaped PID 822 via waitpid()
COMPLETE,7,742,29,Process 7 terminated normally (exit code 0),NORMAL,0,NONE
REAPED,7,742,,Parent reaped PID 742 via waitpid()
COMPLETE,67,802,29,Process 67 terminated normally (exit code 0),NORMAL,0,NONE
REAPED,67,802,,Parent reaped PID 802 via waitpid()
COMPLETE,100,835,29,Process 100 terminated normally (exit code 0),NORMAL,0,NONE
REAPED,100,835,,Parent reaped PID 835 via waitpid()
COMPLETE,12,747,30,Process 12 terminated normally (exit code 0),NORMAL,0,NONE
REAPED,12,747,,Parent reaped PID 747 via waitpid()
COMPLETE,53,788,30,Process 53 terminated normally (exit code 0),NORMAL,0,NONE
REAPED,53,788,,Parent reaped PID 788 via waitpid()
COMPLETE,70,805,30,Process 70 terminated normally (exit code 0),NORMAL,0,NONE
REAPED,70,805,,Parent reaped PID 805 via waitpid()
END_RUN,1791192719,735,100,100,0
